{"cameraMode":{"drawMode":0,"name":"Shaded","section":"Shading Mode"},"sceneLighting":false,"audioPlay":false,"sceneViewState":{"showFog":true,"showMaterialUpdate":false,"showSkybox":false,"showFlares":true,"showImageEffects":true,"showParticleSystems":true},"in2DMode":false,"pivot":{"x":-0.7872254848480225,"y":0.20972490310668946,"z":-0.03405308723449707},"rotation":{"x":-0.07744041830301285,"y":0.922559916973114,"z":-0.2675946354866028,"w":-0.2669839560985565},"size":6.418376922607422,"orthographic":false}