{"cameraMode":{"drawMode":0,"name":"Shaded","section":"Shading Mode"},"sceneLighting":true,"audioPlay":false,"sceneViewState":{"showFog":true,"showMaterialUpdate":false,"showSkybox":true,"showFlares":true,"showImageEffects":true,"showParticleSystems":true},"in2DMode":false,"pivot":{"x":-0.626429557800293,"y":-17.07275390625,"z":-18.258380889892579},"rotation":{"x":-0.04601690545678139,"y":0.9477612376213074,"z":-0.2718246281147003,"w":-0.16044557094573975},"size":39.834754943847659,"orthographic":false}